Logical Address,Page Number,Offset,TLB Hit/Miss,Page Fault,Frame Number,Physical Address,Value,Replaced Page,Replaced Frame
16916,66,20,miss,yes,0,20,0,-1,-1
62493,244,29,miss,yes,1,285,0,-1,-1
30198,117,246,miss,yes,2,758,29,-1,-1
53683,209,179,miss,yes,3,947,108,-1,-1
40185,156,249,miss,yes,4,1273,0,-1,-1
28781,112,109,miss,yes,5,1389,0,-1,-1
24462,95,142,miss,yes,6,1678,23,-1,-1
48399,189,15,miss,yes,7,1807,67,-1,-1
64815,253,47,miss,yes,8,2095,75,-1,-1
18295,71,119,miss,yes,9,2423,-35,-1,-1
12218,47,186,miss,yes,10,2746,11,-1,-1
22760,88,232,miss,yes,11,3048,0,-1,-1
57982,226,126,miss,yes,12,3198,56,-1,-1
27966,109,62,miss,yes,13,3390,27,-1,-1
54894,214,110,miss,yes,14,3694,53,-1,-1
38929,152,17,miss,yes,15,3857,0,-1,-1
32865,128,97,miss,yes,16,4193,0,-1,-1
64243,250,243,miss,yes,17,4595,-68,-1,-1
2315,9,11,miss,yes,18,4619,66,-1,-1
64454,251,198,miss,yes,19,5062,62,-1,-1
55041,215,1,miss,yes,20,5121,0,-1,-1
18633,72,201,miss,yes,21,5577,0,-1,-1
14557,56,221,miss,yes,22,5853,0,-1,-1
61006,238,78,miss,yes,23,5966,59,-1,-1
62615,244,151,miss,no,1,407,37,-1,-1
7591,29,167,miss,yes,24,6311,105,-1,-1
64747,252,235,miss,yes,25,6635,58,-1,-1
6727,26,71,miss,yes,26,6727,-111,-1,-1
32315,126,59,miss,yes,27,6971,-114,-1,-1
60645,236,229,miss,yes,28,7397,0,-1,-1
6308,24,164,miss,yes,29,7588,0,-1,-1
45688,178,120,miss,yes,30,7800,0,-1,-1
969,3,201,miss,yes,31,8137,0,-1,-1
40891,159,187,miss,yes,32,8379,-18,-1,-1
49294,192,142,miss,yes,33,8590,48,-1,-1
41118,160,158,miss,yes,34,8862,40,-1,-1
21395,83,147,miss,yes,35,9107,-28,-1,-1
6091,23,203,miss,yes,36,9419,-14,-1,-1
32541,127,29,miss,yes,37,9501,0,-1,-1
17665,69,1,miss,yes,38,9729,0,-1,-1
3784,14,200,miss,yes,39,10184,0,-1,-1
28718,112,46,miss,no,5,1326,28,-1,-1
59240,231,104,miss,yes,40,10344,0,-1,-1
40178,156,242,miss,no,4,1266,39,-1,-1
60086,234,182,miss,yes,41,10678,58,-1,-1
42252,165,12,miss,yes,42,10764,0,-1,-1
44770,174,226,miss,yes,43,11234,43,-1,-1
22514,87,242,miss,yes,44,11506,21,-1,-1
3067,11,251,miss,yes,45,11771,-2,-1,-1
15757,61,141,miss,yes,46,11917,0,-1,-1
31649,123,161,miss,yes,47,12193,0,-1,-1
10842,42,90,miss,yes,48,12378,10,-1,-1
43765,170,245,miss,yes,49,12789,0,-1,-1
33405,130,125,miss,yes,50,12925,0,-1,-1
44954,175,154,miss,yes,51,13210,43,-1,-1
56657,221,81,miss,yes,52,13393,0,-1,-1
5003,19,139,miss,yes,53,13707,-30,-1,-1
50227,196,51,miss,yes,54,13875,12,-1,-1
19358,75,158,miss,yes,55,14238,18,-1,-1
36529,142,177,miss,yes,56,14513,0,-1,-1
10392,40,152,miss,yes,57,14744,0,-1,-1
58882,230,2,miss,yes,58,14850,57,-1,-1
5129,20,9,miss,yes,59,15113,0,-1,-1
58554,228,186,miss,yes,60,15546,57,-1,-1
58584,228,216,hit,no,60,15576,0,-1,-1
27444,107,52,miss,yes,61,15668,0,-1,-1
58982,230,102,hit,no,58,14950,57,-1,-1
51476,201,20,miss,yes,62,15892,0,-1,-1
6796,26,140,miss,no,26,6796,0,-1,-1
21311,83,63,miss,no,35,9023,-49,-1,-1
30705,119,241,miss,yes,63,16369,0,-1,-1
28964,113,36,miss,yes,64,16420,0,-1,-1
41003,160,43,miss,no,34,8747,10,-1,-1
20259,79,35,miss,yes,65,16675,-56,-1,-1
57857,226,1,miss,no,12,3073,0,-1,-1
63258,247,26,miss,yes,66,16922,61,-1,-1
36374,142,22,hit,no,56,14358,35,-1,-1
692,2,180,miss,yes,67,17332,0,-1,-1
43121,168,113,miss,yes,68,17521,0,-1,-1
48128,188,0,miss,yes,69,17664,0,-1,-1
34561,135,1,miss,yes,70,17921,0,-1,-1
49213,192,61,miss,no,33,8509,0,-1,-1
36922,144,58,miss,yes,71,18234,36,-1,-1
59162,231,26,miss,no,40,10266,57,-1,-1
50552,197,120,miss,yes,72,18552,0,-1,-1
17866,69,202,miss,no,38,9930,17,-1,-1
18145,70,225,miss,yes,73,18913,0,-1,-1
3884,15,44,miss,yes,74,18988,0,-1,-1
54388,212,116,miss,yes,75,19316,0,-1,-1
42932,167,180,miss,yes,76,19636,0,-1,-1
46919,183,71,miss,yes,77,19783,-47,-1,-1
58892,230,12,miss,no,58,14860,0,-1,-1
8620,33,172,miss,yes,78,20140,0,-1,-1
38336,149,192,miss,yes,79,20416,0,-1,-1
64357,251,101,miss,no,19,4965,0,-1,-1
23387,91,91,miss,yes,80,20571,-42,-1,-1
42632,166,136,miss,yes,81,20872,0,-1,-1
15913,62,41,miss,yes,82,21033,0,-1,-1
15679,61,63,miss,no,46,11839,79,-1,-1
22501,87,229,miss,no,44,11493,0,-1,-1
37540,146,164,miss,yes,83,21412,0,-1,-1
5527,21,151,miss,yes,84,21655,101,-1,-1
63921,249,177,miss,yes,85,21937,0,-1,-1
62716,244,252,miss,no,1,508,0,-1,-1
32874,128,106,miss,no,16,4202,32,-1,-1
64390,251,134,hit,no,19,4998,62,-1,-1
63101,246,125,miss,yes,86,22141,0,-1,-1
61802,241,106,miss,yes,87,22378,60,-1,-1
19648,76,192,miss,yes,88,22720,0,-1,-1
29031,113,103,miss,no,64,16487,89,-1,-1
44981,175,181,miss,no,51,13237,0,-1,-1
28092,109,188,miss,no,13,3516,0,-1,-1
9448,36,232,miss,yes,89,23016,0,-1,-1
44744,174,200,miss,no,43,11208,0,-1,-1
61496,240,56,miss,yes,90,23096,0,-1,-1
31453,122,221,miss,yes,91,23517,0,-1,-1
60746,237,74,miss,yes,92,23626,59,-1,-1
12199,47,167,miss,no,10,2727,-23,-1,-1
62255,243,47,miss,yes,93,23855,-53,-1,-1
21793,85,33,miss,yes,94,24097,0,-1,-1
26544,103,176,miss,yes,95,24496,0,-1,-1
14964,58,116,miss,yes,96,24692,0,-1,-1
41462,161,246,miss,yes,97,25078,40,-1,-1
56089,219,25,miss,yes,98,25113,0,-1,-1
52038,203,70,miss,yes,99,25414,50,-1,-1
47982,187,110,miss,yes,100,25710,46,-1,-1
59484,232,92,miss,yes,101,25948,0,-1,-1
50924,198,236,miss,yes,102,26348,0,-1,-1
6942,27,30,miss,yes,103,26398,6,-1,-1
34998,136,182,miss,yes,104,26806,34,-1,-1
27069,105,189,miss,yes,105,27069,0,-1,-1
51926,202,214,miss,yes,106,27350,50,-1,-1
60645,236,229,miss,no,28,7397,0,-1,-1
43181,168,173,miss,no,68,17581,0,-1,-1
10559,41,63,miss,yes,107,27455,79,-1,-1
4664,18,56,miss,yes,108,27704,0,-1,-1
28578,111,162,miss,yes,109,28066,27,-1,-1
59516,232,124,hit,no,101,25980,0,-1,-1
38912,152,0,miss,no,15,3840,0,-1,-1
63562,248,74,miss,yes,110,28234,62,-1,-1
64846,253,78,miss,no,8,2126,63,-1,-1
62938,245,218,miss,yes,111,28634,61,-1,-1
27194,106,58,miss,yes,112,28730,26,-1,-1
28804,112,132,miss,no,5,1412,0,-1,-1
61703,241,7,miss,no,87,22279,65,-1,-1
10998,42,246,miss,no,48,12534,10,-1,-1
6596,25,196,miss,yes,113,29124,0,-1,-1
37721,147,89,miss,yes,114,29273,0,-1,-1
43430,169,166,miss,yes,115,29606,42,-1,-1
22692,88,164,miss,no,11,2980,0,-1,-1
62971,245,251,hit,no,111,28667,126,-1,-1
47125,184,21,miss,yes,116,29717,0,-1,-1
52521,205,41,miss,yes,117,29993,0,-1,-1
34646,135,86,miss,no,70,18006,33,-1,-1
32889,128,121,miss,no,16,4217,0,-1,-1
13055,50,255,miss,yes,118,30463,-65,-1,-1
65416,255,136,miss,yes,119,30600,0,-1,-1
62869,245,149,hit,no,111,28565,0,-1,-1
57314,223,226,miss,yes,120,30946,55,-1,-1
12659,49,115,miss,yes,121,31091,92,-1,-1
14052,54,228,miss,yes,122,31460,0,-1,-1
32956,128,188,hit,no,16,4284,0,-1,-1
49273,192,121,miss,no,33,8569,0,-1,-1
50352,196,176,miss,no,54,14000,0,-1,-1
49737,194,73,miss,yes,123,31561,0,-1,-1
15555,60,195,miss,yes,124,31939,48,-1,-1
47475,185,115,miss,yes,125,32115,92,-1,-1
15328,59,224,miss,yes,126,32480,0,-1,-1
34621,135,61,hit,no,70,17981,0,-1,-1
51365,200,165,miss,yes,127,32677,0,-1,-1
32820,128,52,hit,no,16,4148,0,-1,-1
48855,190,215,miss,yes,128,32983,-75,-1,-1
12224,47,192,miss,no,10,2752,0,-1,-1
2035,7,243,miss,yes,129,33267,-4,-1,-1
60539,236,123,miss,no,28,7291,30,-1,-1
14595,57,3,miss,yes,130,33283,64,-1,-1
13853,54,29,hit,no,122,31261,0,-1,-1
24143,94,79,miss,yes,131,33615,-109,-1,-1
15216,59,112,hit,no,126,32368,0,-1,-1
8113,31,177,miss,yes,132,33969,0,-1,-1
22640,88,112,miss,no,11,2928,0,-1,-1
32978,128,210,hit,no,16,4306,32,-1,-1
39151,152,239,miss,no,15,4079,59,-1,-1
19520,76,64,miss,no,88,22592,0,-1,-1
58141,227,29,miss,yes,133,34077,0,-1,-1
63959,249,215,miss,no,85,21975,117,-1,-1
53040,207,48,miss,yes,134,34352,0,-1,-1
55842,218,34,miss,yes,135,34594,54,-1,-1
585,2,73,miss,no,67,17225,0,-1,-1
51229,200,29,miss,no,127,32541,0,-1,-1
64181,250,181,miss,no,17,4533,0,-1,-1
54879,214,95,miss,no,14,3679,-105,-1,-1
28210,110,50,miss,yes,136,34866,27,-1,-1
10268,40,28,miss,no,57,14620,0,-1,-1
15395,60,35,miss,no,124,31779,8,-1,-1
12884,50,84,miss,no,118,30292,0,-1,-1
2149,8,101,miss,yes,137,35173,0,-1,-1
53483,208,235,miss,yes,138,35563,58,-1,-1
59606,232,214,miss,no,101,26070,58,-1,-1
14981,58,133,miss,no,96,24709,0,-1,-1
36672,143,64,miss,yes,139,35648,0,-1,-1
23197,90,157,miss,yes,140,35997,0,-1,-1
36518,142,166,miss,no,56,14502,35,-1,-1
13361,52,49,miss,yes,141,36145,0,-1,-1
19810,77,98,miss,yes,142,36450,19,-1,-1
25955,101,99,miss,yes,143,36707,88,-1,-1
62678,244,214,miss,no,1,470,61,-1,-1
26021,101,165,hit,no,143,36773,0,-1,-1
29409,114,225,miss,yes,144,37089,0,-1,-1
38111,148,223,miss,yes,145,37343,55,-1,-1
58573,228,205,miss,no,60,15565,0,-1,-1
56840,222,8,miss,yes,146,37384,0,-1,-1
41306,161,90,miss,no,97,24922,40,-1,-1
54426,212,154,miss,no,75,19354,53,-1,-1
3617,14,33,miss,no,39,10017,0,-1,-1
50652,197,220,miss,no,72,18652,0,-1,-1
41452,161,236,hit,no,97,25068,0,-1,-1
20241,79,17,miss,no,65,16657,0,-1,-1
31723,123,235,miss,no,47,12267,-6,-1,-1
53747,209,243,miss,no,3,1011,124,-1,-1
28550,111,134,miss,no,109,28038,27,-1,-1
23402,91,106,miss,no,80,20586,22,-1,-1
21205,82,213,miss,yes,147,37845,0,-1,-1
56181,219,117,miss,no,98,25205,0,-1,-1
57470,224,126,miss,yes,148,38014,56,-1,-1
39933,155,253,miss,yes,149,38397,0,-1,-1
34964,136,148,miss,no,104,26772,0,-1,-1
24781,96,205,miss,yes,150,38605,0,-1,-1
41747,163,19,miss,yes,151,38675,-60,-1,-1
62564,244,100,miss,no,1,356,0,-1,-1
58461,228,93,miss,no,60,15453,0,-1,-1
20858,81,122,miss,yes,152,39034,20,-1,-1
49301,192,149,miss,no,33,8597,0,-1,-1
40572,158,124,miss,yes,153,39292,0,-1,-1
23840,93,32,miss,yes,154,39456,0,-1,-1
35278,137,206,miss,yes,155,39886,34,-1,-1
62905,245,185,miss,no,111,28601,0,-1,-1
56650,221,74,miss,no,52,13386,55,-1,-1
11149,43,141,miss,yes,156,40077,0,-1,-1
38920,152,8,miss,no,15,3848,0,-1,-1
23430,91,134,miss,no,80,20614,22,-1,-1
57592,224,248,miss,no,148,38136,0,-1,-1
3080,12,8,miss,yes,157,40200,0,-1,-1
6677,26,21,miss,no,26,6677,0,-1,-1
50704,198,16,miss,no,102,26128,0,-1,-1
51883,202,171,miss,no,106,27307,-86,-1,-1
62799,245,79,hit,no,111,28495,83,-1,-1
20188,78,220,miss,yes,158,40668,0,-1,-1
1245,4,221,miss,yes,159,40925,0,-1,-1
12220,47,188,miss,no,10,2748,0,-1,-1
17602,68,194,miss,yes,160,41154,17,-1,-1
28609,111,193,miss,no,109,28097,0,-1,-1
42694,166,198,miss,no,81,20934,41,-1,-1
29826,116,130,miss,yes,161,41346,29,-1,-1
13827,54,3,miss,no,122,31235,-128,-1,-1
27336,106,200,miss,no,112,28872,0,-1,-1
53343,208,95,miss,no,138,35423,23,-1,-1
11533,45,13,miss,yes,162,41485,0,-1,-1
41713,162,241,miss,yes,163,41969,0,-1,-1
33890,132,98,miss,yes,164,42082,33,-1,-1
4894,19,30,miss,no,53,13598,4,-1,-1
57599,224,255,miss,no,148,38143,63,-1,-1
3870,15,30,miss,no,74,18974,3,-1,-1
58622,228,254,miss,no,60,15614,57,-1,-1
29780,116,84,hit,no,161,41300,0,-1,-1
62553,244,89,miss,no,1,345,0,-1,-1
2303,8,255,miss,no,137,35327,63,-1,-1
51915,202,203,miss,no,106,27339,-78,-1,-1
6251,24,107,miss,no,29,7531,26,-1,-1
38107,148,219,miss,no,145,37339,54,-1,-1
59325,231,189,miss,no,40,10429,0,-1,-1
61295,239,111,miss,yes,165,42351,-37,-1,-1
26699,104,75,miss,yes,166,42571,18,-1,-1
51188,199,244,miss,yes,167,42996,0,-1,-1
59519,232,127,miss,no,101,25983,31,-1,-1
7345,28,177,miss,yes,168,43185,0,-1,-1
20325,79,101,miss,no,65,16741,0,-1,-1
39633,154,209,miss,yes,169,43473,0,-1,-1
1562,6,26,miss,yes,170,43546,1,-1,-1
7580,29,156,miss,no,24,6300,0,-1,-1
8170,31,234,miss,no,132,34026,7,-1,-1
62256,243,48,miss,no,93,23856,0,-1,-1
35823,139,239,miss,yes,171,44015,-5,-1,-1
27790,108,142,miss,yes,172,44174,27,-1,-1
13191,51,135,miss,yes,173,44423,-31,-1,-1
9772,38,44,miss,yes,174,44588,0,-1,-1
7477,29,53,hit,no,24,6197,0,-1,-1
44455,173,167,miss,yes,175,44967,105,-1,-1
59546,232,154,hit,no,101,26010,58,-1,-1
49347,192,195,miss,no,33,8643,48,-1,-1
36539,142,187,miss,no,56,14523,-82,-1,-1
12453,48,165,miss,yes,176,45221,0,-1,-1
49640,193,232,miss,yes,177,45544,0,-1,-1
28290,110,130,miss,no,136,34946,27,-1,-1
44817,175,17,miss,no,51,13073,0,-1,-1
8565,33,117,miss,no,78,20085,0,-1,-1
16399,64,15,miss,yes,178,45583,3,-1,-1
41934,163,206,miss,no,151,38862,40,-1,-1
45457,177,145,miss,yes,179,45969,0,-1,-1
33856,132,64,miss,no,164,42048,0,-1,-1
19498,76,42,miss,no,88,22570,19,-1,-1
17661,68,253,miss,no,160,41213,0,-1,-1
63829,249,85,miss,no,85,21845,0,-1,-1
42034,164,50,miss,yes,180,46130,41,-1,-1
28928,113,0,miss,no,64,16384,0,-1,-1
30711,119,247,miss,no,63,16375,-3,-1,-1
8800,34,96,miss,yes,181,46432,0,-1,-1
52335,204,111,miss,yes,182,46703,27,-1,-1
38775,151,119,miss,yes,183,46967,-35,-1,-1
52704,205,224,miss,no,117,30176,0,-1,-1
24380,95,60,miss,no,6,1596,0,-1,-1
19602,76,146,hit,no,88,22674,19,-1,-1
57998,226,142,miss,no,12,3214,56,-1,-1
2919,11,103,miss,no,45,11623,-39,-1,-1
8362,32,170,miss,yes,184,47274,8,-1,-1
17884,69,220,miss,no,38,9948,0,-1,-1
45737,178,169,miss,no,30,7849,0,-1,-1
47894,187,22,miss,no,100,25622,46,-1,-1
59667,233,19,miss,yes,185,47379,68,-1,-1
10385,40,145,miss,no,57,14737,0,-1,-1
52782,206,46,miss,yes,186,47662,51,-1,-1
64416,251,160,miss,no,19,5024,0,-1,-1
40946,159,242,miss,no,32,8434,39,-1,-1
16778,65,138,miss,yes,187,48010,16,-1,-1
27159,106,23,miss,no,112,28695,-123,-1,-1
24324,95,4,hit,no,6,1540,0,-1,-1
32450,126,194,miss,no,27,7106,31,-1,-1
9108,35,148,miss,yes,188,48276,0,-1,-1
65305,255,25,miss,no,119,30489,0,-1,-1
19575,76,119,miss,no,88,22647,29,-1,-1
11117,43,109,miss,no,156,40045,0,-1,-1
65170,254,146,miss,yes,189,48530,63,-1,-1
58013,226,157,miss,no,12,3229,0,-1,-1
61676,240,236,miss,no,90,23276,0,-1,-1
63510,248,22,miss,no,110,28182,62,-1,-1
17458,68,50,miss,no,160,41010,17,-1,-1
54675,213,147,miss,yes,190,48787,100,-1,-1
1713,6,177,miss,no,170,43697,0,-1,-1
55105,215,65,miss,no,20,5185,0,-1,-1
65321,255,41,hit,no,119,30505,0,-1,-1
45278,176,222,miss,yes,191,49118,44,-1,-1
26256,102,144,miss,yes,192,49296,0,-1,-1
64198,250,198,miss,no,17,4550,62,-1,-1
29441,115,1,miss,yes,193,49409,0,-1,-1
1928,7,136,miss,no,129,33160,0,-1,-1
39425,154,1,miss,no,169,43265,0,-1,-1
32000,125,0,miss,yes,194,49664,0,-1,-1
28549,111,133,miss,no,109,28037,0,-1,-1
46295,180,215,miss,yes,195,50135,53,-1,-1
22772,88,244,miss,no,11,3060,0,-1,-1
58228,227,116,miss,no,133,34164,0,-1,-1
63525,248,37,miss,no,110,28197,0,-1,-1
32602,127,90,miss,no,37,9562,31,-1,-1
46195,180,115,hit,no,195,50035,28,-1,-1
55849,218,41,miss,no,135,34601,0,-1,-1
46454,181,118,miss,yes,196,50294,45,-1,-1
7487,29,63,miss,no,24,6207,79,-1,-1
33879,132,87,miss,no,164,42071,21,-1,-1
42004,164,20,miss,no,180,46100,0,-1,-1
8599,33,151,miss,no,78,20119,101,-1,-1
18641,72,209,miss,no,21,5585,0,-1,-1
49015,191,119,miss,yes,197,50551,-35,-1,-1
26830,104,206,miss,no,166,42702,26,-1,-1
34754,135,194,miss,no,70,18114,33,-1,-1
14668,57,76,miss,no,130,33356,0,-1,-1
38362,149,218,miss,no,79,20442,37,-1,-1
38791,151,135,miss,no,183,46983,-31,-1,-1
4171,16,75,miss,yes,198,50763,18,-1,-1
45975,179,151,miss,yes,199,51095,-27,-1,-1
14623,57,31,hit,no,130,33311,71,-1,-1
62393,243,185,miss,no,93,23993,0,-1,-1
64658,252,146,miss,no,25,6546,63,-1,-1
10963,42,211,miss,no,48,12499,-76,-1,-1
9058,35,98,miss,no,188,48226,8,-1,-1
51031,199,87,miss,no,167,42839,-43,-1,-1
32425,126,169,miss,no,27,7081,0,-1,-1
45483,177,171,miss,no,179,45995,106,-1,-1
44611,174,67,miss,no,43,11075,-112,-1,-1
63664,248,176,miss,no,110,28336,0,-1,-1
54920,214,136,miss,no,14,3720,0,-1,-1
7663,29,239,miss,no,24,6383,123,-1,-1
56480,220,160,miss,yes,200,51360,0,-1,-1
1489,5,209,miss,yes,201,51665,0,-1,-1
28438,111,22,miss,no,109,27926,27,-1,-1
65449,255,169,miss,no,119,30633,0,-1,-1
12441,48,153,miss,no,176,45209,0,-1,-1
58530,228,162,miss,no,60,15522,57,-1,-1
63570,248,82,hit,no,110,28242,62,-1,-1
26251,102,139,miss,no,192,49291,-94,-1,-1
15972,62,100,miss,no,82,21092,0,-1,-1
35826,139,242,miss,no,171,44018,34,-1,-1
5491,21,115,miss,no,84,21619,92,-1,-1
54253,211,237,miss,yes,202,51949,0,-1,-1
49655,193,247,miss,no,177,45559,125,-1,-1
5868,22,236,miss,yes,203,52204,0,-1,-1
20163,78,195,miss,no,158,40643,-80,-1,-1
51079,199,135,miss,no,167,42887,-31,-1,-1
21398,83,150,miss,no,35,9110,20,-1,-1
32756,127,244,miss,no,37,9716,0,-1,-1
64196,250,196,miss,no,17,4548,0,-1,-1
43218,168,210,miss,no,68,17618,42,-1,-1
21583,84,79,miss,yes,204,52303,19,-1,-1
25086,97,254,miss,yes,205,52734,24,-1,-1
45515,177,203,miss,no,179,46027,114,-1,-1
12893,50,93,miss,no,118,30301,0,-1,-1
22914,89,130,miss,yes,206,52866,22,-1,-1
58969,230,89,miss,no,58,14937,0,-1,-1
20094,78,126,hit,no,158,40574,19,-1,-1
13730,53,162,miss,yes,207,53154,13,-1,-1
44059,172,27,miss,yes,208,53275,6,-1,-1
28931,113,3,miss,no,64,16387,64,-1,-1
13533,52,221,miss,no,141,36317,0,-1,-1
33134,129,110,miss,yes,209,53614,32,-1,-1
28483,111,67,miss,no,109,27971,-48,-1,-1
1220,4,196,miss,no,159,40900,0,-1,-1
38174,149,30,miss,no,79,20254,37,-1,-1
53502,208,254,miss,no,138,35582,52,-1,-1
43328,169,64,miss,no,115,29504,0,-1,-1
4970,19,106,miss,no,53,13674,4,-1,-1
8090,31,154,miss,no,132,33946,7,-1,-1
2661,10,101,miss,yes,210,53861,0,-1,-1
53903,210,143,miss,yes,211,54159,-93,-1,-1
11025,43,17,miss,no,156,39953,0,-1,-1
26627,104,3,miss,no,166,42499,0,-1,-1
18117,70,197,miss,no,73,18885,0,-1,-1
14505,56,169,miss,no,22,5801,0,-1,-1
61528,240,88,miss,no,90,23128,0,-1,-1
20423,79,199,miss,no,65,16839,-15,-1,-1
26962,105,82,miss,no,105,26962,26,-1,-1
36392,142,40,miss,no,56,14376,0,-1,-1
11365,44,101,miss,yes,212,54373,0,-1,-1
50882,198,194,miss,no,102,26306,49,-1,-1
41668,162,196,miss,no,163,41924,0,-1,-1
30497,119,33,miss,no,63,16161,0,-1,-1
36216,141,120,miss,yes,213,54648,0,-1,-1
5619,21,243,miss,no,84,21747,124,-1,-1
36983,144,119,miss,no,71,18295,29,-1,-1
59557,232,165,miss,no,101,26021,0,-1,-1
36663,143,55,miss,no,139,35639,-51,-1,-1
36436,142,84,hit,no,56,14420,0,-1,-1
37057,144,193,hit,no,71,18369,0,-1,-1
23585,92,33,miss,yes,214,54817,0,-1,-1
58791,229,167,miss,yes,215,55207,105,-1,-1
46666,182,74,miss,yes,216,55370,45,-1,-1
64475,251,219,miss,no,19,5083,-10,-1,-1
21615,84,111,miss,no,204,52335,27,-1,-1
41090,160,130,miss,no,34,8834,40,-1,-1
1771,6,235,miss,no,170,43755,-70,-1,-1
47513,185,153,miss,no,125,32153,0,-1,-1
39338,153,170,miss,yes,217,55722,38,-1,-1
1390,5,110,miss,no,201,51566,1,-1,-1
38772,151,116,miss,no,183,46964,0,-1,-1
58149,227,37,miss,no,133,34085,0,-1,-1
7196,28,28,miss,no,168,43036,0,-1,-1
9123,35,163,miss,no,188,48291,-24,-1,-1
7491,29,67,miss,no,24,6211,80,-1,-1
62616,244,152,miss,no,1,408,0,-1,-1
15436,60,76,miss,no,124,31820,0,-1,-1
17491,68,83,miss,no,160,41043,20,-1,-1
53656,209,152,miss,no,3,920,0,-1,-1
26449,103,81,miss,no,95,24401,0,-1,-1
34935,136,119,miss,no,104,26743,29,-1,-1
19864,77,152,miss,no,142,36504,0,-1,-1
51388,200,188,miss,no,127,32700,0,-1,-1
15155,59,51,miss,no,126,32307,-52,-1,-1
64775,253,7,miss,no,8,2055,65,-1,-1
47969,187,97,miss,no,100,25697,0,-1,-1
16315,63,187,miss,yes,218,55995,-18,-1,-1
1342,5,62,miss,no,201,51518,1,-1,-1
51185,199,241,miss,no,167,42993,0,-1,-1
6043,23,155,miss,no,36,9371,-26,-1,-1
21398,83,150,miss,no,35,9110,20,-1,-1
3273,12,201,miss,no,157,40393,0,-1,-1
9370,36,154,miss,no,89,22938,9,-1,-1
35463,138,135,miss,yes,219,56199,-95,-1,-1
28205,110,45,miss,no,136,34861,0,-1,-1
2351,9,47,miss,no,18,4655,75,-1,-1
28999,113,71,miss,no,64,16455,81,-1,-1
47699,186,83,miss,yes,220,56403,-108,-1,-1
46870,183,22,miss,no,77,19734,45,-1,-1
22311,87,39,miss,no,44,11303,-55,-1,-1
22124,86,108,miss,yes,221,56684,0,-1,-1
22427,87,155,hit,no,44,11419,-26,-1,-1
49344,192,192,miss,no,33,8640,0,-1,-1
23224,90,184,miss,no,140,36024,0,-1,-1
5514,21,138,miss,no,84,21642,5,-1,-1
20504,80,24,miss,yes,222,56856,0,-1,-1
376,1,120,miss,yes,223,57208,0,-1,-1
2014,7,222,miss,no,129,33246,1,-1,-1
38700,151,44,miss,no,183,46892,0,-1,-1
13098,51,42,miss,no,173,44330,12,-1,-1
62435,243,227,miss,no,93,24035,-8,-1,-1
48046,187,174,miss,no,100,25774,46,-1,-1
63464,247,232,miss,no,66,17128,0,-1,-1
12798,49,254,miss,no,121,31230,12,-1,-1
51178,199,234,miss,no,167,42986,49,-1,-1
8627,33,179,miss,no,78,20147,108,-1,-1
27083,105,203,miss,no,105,27083,114,-1,-1
47198,184,94,miss,no,116,29790,46,-1,-1
44021,171,245,miss,yes,224,57589,0,-1,-1
32792,128,24,miss,no,16,4120,0,-1,-1
43996,171,220,hit,no,224,57564,0,-1,-1
41126,160,166,miss,no,34,8870,40,-1,-1
64244,250,244,miss,no,17,4596,0,-1,-1
37047,144,183,miss,no,71,18359,45,-1,-1
60281,235,121,miss,yes,225,57721,0,-1,-1
52904,206,168,miss,no,186,47784,0,-1,-1
7768,30,88,miss,yes,226,57944,0,-1,-1
55359,216,63,miss,yes,227,58175,15,-1,-1
3230,12,158,miss,no,157,40350,3,-1,-1
44813,175,13,miss,no,51,13069,0,-1,-1
4116,16,20,miss,no,198,50708,0,-1,-1
65222,254,198,miss,no,189,48582,63,-1,-1
28083,109,179,miss,no,13,3507,108,-1,-1
60660,236,244,miss,no,28,7412,0,-1,-1
39,0,39,miss,yes,228,58407,9,-1,-1
328,1,72,miss,no,223,57160,0,-1,-1
47868,186,252,miss,no,220,56572,0,-1,-1
13009,50,209,miss,no,118,30417,0,-1,-1
22378,87,106,miss,no,44,11370,21,-1,-1
39304,153,136,miss,no,217,55688,0,-1,-1
11171,43,163,miss,no,156,40099,-24,-1,-1
8079,31,143,miss,no,132,33935,-29,-1,-1
52879,206,143,miss,no,186,47759,-93,-1,-1
5123,20,3,miss,no,59,15107,0,-1,-1
4356,17,4,miss,yes,229,58628,0,-1,-1
45745,178,177,miss,no,30,7857,0,-1,-1
32952,128,184,miss,no,16,4280,0,-1,-1
4657,18,49,miss,no,108,27697,0,-1,-1
24142,94,78,miss,no,131,33614,23,-1,-1
23319,91,23,miss,no,80,20503,-59,-1,-1
13607,53,39,miss,no,207,53031,73,-1,-1
46304,180,224,miss,no,195,50144,0,-1,-1
17677,69,13,miss,no,38,9741,0,-1,-1
59691,233,43,miss,no,185,47403,74,-1,-1
50967,199,23,miss,no,167,42775,-59,-1,-1
7817,30,137,miss,no,226,57993,0,-1,-1
8545,33,97,miss,no,78,20065,0,-1,-1
55297,216,1,miss,no,227,58113,0,-1,-1
52954,206,218,hit,no,186,47834,51,-1,-1
39720,155,40,miss,no,149,38184,0,-1,-1
18455,72,23,miss,no,21,5399,5,-1,-1
30349,118,141,miss,yes,230,59021,0,-1,-1
63270,247,38,miss,no,66,16934,61,-1,-1
27156,106,20,miss,no,112,28692,0,-1,-1
20614,80,134,miss,no,222,56966,20,-1,-1
19372,75,172,miss,no,55,14252,0,-1,-1
48689,190,49,miss,no,128,32817,0,-1,-1
49386,192,234,miss,no,33,8682,48,-1,-1
50584,197,152,miss,no,72,18584,0,-1,-1
51936,202,224,miss,no,106,27360,0,-1,-1
34705,135,145,miss,no,70,18065,0,-1,-1
13653,53,85,miss,no,207,53077,0,-1,-1
50077,195,157,miss,yes,231,59293,0,-1,-1
54518,212,246,miss,no,75,19446,53,-1,-1
41482,162,10,miss,no,163,41738,40,-1,-1
4169,16,73,miss,no,198,50761,0,-1,-1
36118,141,22,miss,no,213,54550,35,-1,-1
9584,37,112,miss,yes,232,59504,0,-1,-1
18490,72,58,miss,no,21,5434,18,-1,-1
55420,216,124,miss,no,227,58236,0,-1,-1
5708,22,76,miss,no,203,52044,0,-1,-1
23506,91,210,miss,no,80,20690,22,-1,-1
15391,60,31,miss,no,124,31775,7,-1,-1
36368,142,16,miss,no,56,14352,0,-1,-1
38976,152,64,miss,no,15,3904,0,-1,-1
50406,196,230,miss,no,54,14054,49,-1,-1
49236,192,84,miss,no,33,8532,0,-1,-1
65035,254,11,miss,no,189,48395,-126,-1,-1
30120,117,168,miss,no,2,680,0,-1,-1
62551,244,87,miss,no,1,343,21,-1,-1
46809,182,217,miss,no,216,55513,0,-1,-1
21687,84,183,miss,no,204,52407,45,-1,-1
53839,210,79,miss,no,211,54095,-109,-1,-1
2098,8,50,miss,no,137,35122,2,-1,-1
12364,48,76,miss,no,176,45132,0,-1,-1
45366,177,54,miss,no,179,45878,44,-1,-1
50437,197,5,miss,no,72,18437,0,-1,-1
36675,143,67,miss,no,139,35651,-48,-1,-1
55382,216,86,miss,no,227,58198,54,-1,-1
11846,46,70,miss,yes,233,59718,11,-1,-1
49127,191,231,miss,no,197,50663,-7,-1,-1
19900,77,188,miss,no,142,36540,0,-1,-1
20554,80,74,miss,no,222,56906,20,-1,-1
19219,75,19,miss,no,55,14099,-60,-1,-1
51483,201,27,miss,no,62,15899,70,-1,-1
58090,226,234,miss,no,12,3306,56,-1,-1
39074,152,162,miss,no,15,4002,38,-1,-1
16060,62,188,miss,no,82,21180,0,-1,-1
10447,40,207,miss,no,57,14799,51,-1,-1
54169,211,153,miss,no,202,51865,0,-1,-1
20634,80,154,hit,no,222,56986,20,-1,-1
57555,224,211,miss,no,148,38099,52,-1,-1
61210,239,26,miss,no,165,42266,59,-1,-1
269,1,13,miss,no,223,57101,0,-1,-1
33154,129,130,miss,no,209,53634,32,-1,-1
64487,251,231,miss,no,19,5095,-7,-1,-1
61223,239,39,hit,no,165,42279,-55,-1,-1
47292,184,188,miss,no,116,29884,0,-1,-1
21852,85,92,miss,no,94,24156,0,-1,-1
5281,20,161,miss,no,59,15265,0,-1,-1
45912,179,88,miss,no,199,51032,0,-1,-1
32532,127,20,miss,no,37,9492,0,-1,-1
63067,246,91,miss,no,86,22107,-106,-1,-1
41683,162,211,miss,no,163,41939,-76,-1,-1
20981,81,245,miss,no,152,39157,0,-1,-1
33881,132,89,miss,no,164,42073,0,-1,-1
41785,163,57,miss,no,151,38713,0,-1,-1
4580,17,228,miss,no,229,58852,0,-1,-1
41389,161,173,miss,no,97,25005,0,-1,-1
28572,111,156,miss,no,109,28060,0,-1,-1
782,3,14,miss,no,31,7950,0,-1,-1
30273,118,65,miss,no,230,58945,0,-1,-1
62267,243,59,miss,no,93,23867,-50,-1,-1
17922,70,2,miss,no,73,18690,17,-1,-1
63238,247,6,miss,no,66,16902,61,-1,-1
3308,12,236,miss,no,157,40428,0,-1,-1
26545,103,177,miss,no,95,24497,0,-1,-1
44395,173,107,miss,no,175,44907,90,-1,-1
39120,152,208,miss,no,15,4048,0,-1,-1
21706,84,202,miss,no,204,52426,21,-1,-1
7144,27,232,miss,no,103,26600,0,-1,-1
30244,118,36,hit,no,230,58916,0,-1,-1
3725,14,141,miss,no,39,10125,0,-1,-1
54632,213,104,miss,no,190,48744,0,-1,-1
30574,119,110,miss,no,63,16238,29,-1,-1
8473,33,25,miss,no,78,19993,0,-1,-1
12386,48,98,miss,no,176,45154,12,-1,-1
41114,160,154,miss,no,34,8858,40,-1,-1
57930,226,74,miss,no,12,3146,56,-1,-1
15341,59,237,miss,no,126,32493,0,-1,-1
15598,60,238,miss,no,124,31982,15,-1,-1
59922,234,18,miss,no,41,10514,58,-1,-1
18226,71,50,miss,no,9,2354,17,-1,-1
48162,188,34,miss,no,69,17698,47,-1,-1
41250,161,34,miss,no,97,24866,40,-1,-1
1512,5,232,miss,no,201,51688,0,-1,-1
2546,9,242,miss,no,18,4850,2,-1,-1
41682,162,210,miss,no,163,41938,40,-1,-1
322,1,66,miss,no,223,57154,0,-1,-1
880,3,112,miss,no,31,8048,0,-1,-1
20891,81,155,miss,no,152,39067,102,-1,-1
56604,221,28,miss,no,52,13340,0,-1,-1
40166,156,230,miss,no,4,1254,39,-1,-1
26791,104,167,miss,no,166,42663,41,-1,-1
44560,174,16,miss,no,43,11024,0,-1,-1
38698,151,42,miss,no,183,46890,37,-1,-1
64127,250,127,miss,no,17,4479,-97,-1,-1
15028,58,180,miss,no,96,24756,0,-1,-1
38669,151,13,hit,no,183,46861,0,-1,-1
45637,178,69,miss,no,30,7749,0,-1,-1
43151,168,143,miss,no,68,17551,35,-1,-1
9465,36,249,miss,no,89,23033,0,-1,-1
2498,9,194,hit,no,18,4802,2,-1,-1
13978,54,154,miss,no,122,31386,13,-1,-1
16326,63,198,miss,no,218,56006,15,-1,-1
51442,200,242,miss,no,127,32754,50,-1,-1
34845,136,29,miss,no,104,26653,0,-1,-1
63667,248,179,miss,no,110,28339,44,-1,-1
39370,153,202,miss,no,217,55754,38,-1,-1
55671,217,119,miss,yes,234,60023,93,-1,-1
64496,251,240,miss,no,19,5104,0,-1,-1
7767,30,87,miss,no,226,57943,-107,-1,-1
6283,24,139,miss,no,29,7563,34,-1,-1
55884,218,76,miss,no,135,34636,0,-1,-1
61103,238,175,miss,no,23,6063,-85,-1,-1
10184,39,200,miss,yes,235,60360,0,-1,-1
39543,154,119,miss,no,169,43383,-99,-1,-1
9555,37,83,miss,no,232,59475,84,-1,-1
13963,54,139,hit,no,122,31371,-94,-1,-1
58975,230,95,miss,no,58,14943,-105,-1,-1
19537,76,81,miss,no,88,22609,0,-1,-1
6101,23,213,miss,no,36,9429,0,-1,-1
41421,161,205,miss,no,97,25037,0,-1,-1
45502,177,190,miss,no,179,46014,44,-1,-1
29328,114,144,miss,no,144,37008,0,-1,-1
8149,31,213,miss,no,132,34005,0,-1,-1
25450,99,106,miss,yes,236,60522,24,-1,-1
58944,230,64,hit,no,58,14912,0,-1,-1
50666,197,234,miss,no,72,18666,49,-1,-1
23084,90,44,miss,no,140,35884,0,-1,-1
36468,142,116,miss,no,56,14452,0,-1,-1
33645,131,109,miss,yes,237,60781,0,-1,-1
25002,97,170,miss,no,205,52650,24,-1,-1
53715,209,211,miss,no,3,979,116,-1,-1
60173,235,13,miss,no,225,57613,0,-1,-1
46354,181,18,miss,no,196,50194,45,-1,-1
4708,18,100,miss,no,108,27748,0,-1,-1
28208,110,48,miss,no,136,34864,0,-1,-1
58844,229,220,miss,no,215,55260,0,-1,-1
22173,86,157,miss,no,221,56733,0,-1,-1
8535,33,87,miss,no,78,20055,85,-1,-1
42261,165,21,miss,no,42,10773,0,-1,-1
29687,115,247,miss,no,193,49655,-3,-1,-1
37799,147,167,miss,no,114,29351,-23,-1,-1
22566,88,38,miss,no,11,2854,22,-1,-1
62520,244,56,miss,no,1,312,0,-1,-1
4098,16,2,miss,no,198,50690,4,-1,-1
47999,187,127,miss,no,100,25727,-33,-1,-1
49660,193,252,miss,no,177,45564,0,-1,-1
37063,144,199,miss,no,71,18375,49,-1,-1
41856,163,128,miss,no,151,38784,0,-1,-1
5417,21,41,miss,no,84,21545,0,-1,-1
48856,190,216,miss,no,128,32984,0,-1,-1
10682,41,186,miss,no,107,27578,10,-1,-1
22370,87,98,miss,no,44,11362,21,-1,-1
63281,247,49,miss,no,66,16945,0,-1,-1
62452,243,244,miss,no,93,24052,0,-1,-1
50532,197,100,miss,no,72,18532,0,-1,-1
9022,35,62,miss,no,188,48190,8,-1,-1
59300,231,164,miss,no,40,10404,0,-1,-1
58660,229,36,miss,no,215,55076,0,-1,-1
56401,220,81,miss,no,200,51281,0,-1,-1
8518,33,70,miss,no,78,20038,8,-1,-1
63066,246,90,miss,no,86,22106,61,-1,-1
63250,247,18,hit,no,66,16914,61,-1,-1
48592,189,208,miss,no,7,2000,0,-1,-1
28771,112,99,miss,no,5,1379,24,-1,-1
37673,147,41,miss,no,114,29225,0,-1,-1
60776,237,104,miss,no,92,23656,0,-1,-1
56438,220,118,hit,no,200,51318,55,-1,-1
60424,236,8,miss,no,28,7176,0,-1,-1
39993,156,57,miss,no,4,1081,0,-1,-1
56004,218,196,miss,no,135,34756,0,-1,-1
59002,230,122,miss,no,58,14970,57,-1,-1
33982,132,190,miss,no,164,42174,33,-1,-1
25498,99,154,miss,no,236,60570,24,-1,-1
57047,222,215,miss,no,146,37591,-75,-1,-1
1401,5,121,miss,no,201,51577,0,-1,-1
15130,59,26,miss,no,126,32282,14,-1,-1
42960,167,208,miss,no,76,19664,0,-1,-1
61827,241,131,miss,no,87,22403,96,-1,-1
32442,126,186,miss,no,27,7098,31,-1,-1
64304,251,48,miss,no,19,4912,0,-1,-1
30273,118,65,miss,no,230,58945,0,-1,-1
38082,148,194,miss,no,145,37314,37,-1,-1
22404,87,132,miss,no,44,11396,0,-1,-1
3808,14,224,miss,no,39,10208,0,-1,-1
16883,65,243,miss,no,187,48115,124,-1,-1
23111,90,71,miss,no,140,35911,-111,-1,-1
62417,243,209,miss,no,93,24017,0,-1,-1
60364,235,204,miss,no,225,57804,0,-1,-1
4542,17,190,miss,no,229,58814,4,-1,-1
14829,57,237,miss,no,130,33517,0,-1,-1
44964,175,164,miss,no,51,13220,0,-1,-1
33924,132,132,miss,no,164,42116,0,-1,-1
2141,8,93,miss,no,137,35165,0,-1,-1
19245,75,45,miss,no,55,14125,0,-1,-1
47168,184,64,miss,no,116,29760,0,-1,-1
24048,93,240,miss,no,154,39664,0,-1,-1
1022,3,254,miss,no,31,8190,0,-1,-1
23075,90,35,hit,no,140,35875,-120,-1,-1
24888,97,56,miss,no,205,52536,0,-1,-1
49247,192,95,miss,no,33,8543,23,-1,-1
4900,19,36,miss,no,53,13604,0,-1,-1
22656,88,128,miss,no,11,2944,0,-1,-1
34117,133,69,miss,yes,238,60997,0,-1,-1
55555,217,3,miss,no,234,59907,64,-1,-1
48947,191,51,miss,no,197,50483,-52,-1,-1
59533,232,141,miss,no,101,25997,0,-1,-1
21312,83,64,miss,no,35,9024,0,-1,-1
21415,83,167,hit,no,35,9127,-23,-1,-1
813,3,45,hit,no,31,7981,0,-1,-1
19419,75,219,hit,no,55,14299,-10,-1,-1
1999,7,207,miss,no,129,33231,-13,-1,-1
20155,78,187,miss,no,158,40635,-82,-1,-1
21521,84,17,miss,no,204,52241,0,-1,-1
13670,53,102,miss,no,207,53094,13,-1,-1
19289,75,89,hit,no,55,14169,0,-1,-1
58483,228,115,miss,no,60,15475,28,-1,-1
41318,161,102,miss,no,97,24934,40,-1,-1
16151,63,23,miss,no,218,55831,-59,-1,-1
13611,53,43,hit,no,207,53035,74,-1,-1
21514,84,10,hit,no,204,52234,21,-1,-1
13499,52,187,miss,no,141,36283,46,-1,-1
45583,178,15,miss,no,30,7695,-125,-1,-1
49013,191,117,hit,no,197,50549,0,-1,-1
64843,253,75,miss,no,8,2123,82,-1,-1
63485,247,253,miss,no,66,17149,0,-1,-1
38697,151,41,miss,no,183,46889,0,-1,-1
59188,231,52,miss,no,40,10292,0,-1,-1
24593,96,17,miss,no,150,38417,0,-1,-1
57641,225,41,miss,yes,239,61225,0,-1,-1
36524,142,172,miss,no,56,14508,0,-1,-1
56980,222,148,miss,no,146,37524,0,-1,-1
36810,143,202,miss,no,139,35786,35,-1,-1
6096,23,208,miss,no,36,9424,0,-1,-1
11070,43,62,miss,no,156,39998,10,-1,-1
60124,234,220,miss,no,41,10716,0,-1,-1
37576,146,200,miss,no,83,21448,0,-1,-1
15096,58,248,miss,no,96,24824,0,-1,-1
45247,176,191,miss,no,191,49087,47,-1,-1
32783,128,15,miss,no,16,4111,3,-1,-1
58390,228,22,miss,no,60,15382,57,-1,-1
60873,237,201,miss,no,92,23753,0,-1,-1
23719,92,167,miss,no,214,54951,41,-1,-1
24385,95,65,miss,no,6,1601,0,-1,-1
22307,87,35,miss,no,44,11299,-56,-1,-1
17375,67,223,miss,yes,240,61663,-9,-1,-1
15990,62,118,miss,no,82,21110,15,-1,-1
20526,80,46,miss,no,222,56878,20,-1,-1
25904,101,48,miss,no,143,36656,0,-1,-1
42224,164,240,miss,no,180,46320,0,-1,-1
9311,36,95,miss,no,89,22879,23,-1,-1
7862,30,182,miss,no,226,58038,7,-1,-1
3835,14,251,miss,no,39,10235,-66,-1,-1
30535,119,71,miss,no,63,16199,-47,-1,-1
65179,254,155,miss,no,189,48539,-90,-1,-1
57387,224,43,miss,no,148,37931,10,-1,-1
63579,248,91,miss,no,110,28251,22,-1,-1
4946,19,82,miss,no,53,13650,4,-1,-1
9037,35,77,miss,no,188,48205,0,-1,-1
61033,238,105,miss,no,23,5993,0,-1,-1
55543,216,247,miss,no,227,58359,61,-1,-1
50361,196,185,miss,no,54,14009,0,-1,-1
6480,25,80,miss,no,113,29008,0,-1,-1
14042,54,218,miss,no,122,31450,13,-1,-1
21531,84,27,miss,no,204,52251,6,-1,-1
39195,153,27,miss,no,217,55579,70,-1,-1
37511,146,135,miss,no,83,21383,-95,-1,-1
23696,92,144,miss,no,214,54928,0,-1,-1
27440,107,48,miss,no,61,15664,0,-1,-1
28201,110,41,miss,no,136,34857,0,-1,-1
23072,90,32,miss,no,140,35872,0,-1,-1
7814,30,134,miss,no,226,57990,7,-1,-1
6552,25,152,hit,no,113,29080,0,-1,-1
43637,170,117,miss,no,49,12661,0,-1,-1
35113,137,41,miss,no,155,39721,0,-1,-1
34890,136,74,miss,no,104,26698,34,-1,-1
61297,239,113,miss,no,165,42353,0,-1,-1
45633,178,65,miss,no,30,7745,0,-1,-1
61431,239,247,hit,no,165,42487,-3,-1,-1
46032,179,208,miss,no,199,51152,0,-1,-1
18774,73,86,miss,yes,241,61782,18,-1,-1
62991,246,15,miss,no,86,22031,-125,-1,-1
28059,109,155,miss,no,13,3483,102,-1,-1
35229,137,157,hit,no,155,39837,0,-1,-1
51230,200,30,miss,no,127,32542,50,-1,-1
14405,56,69,miss,no,22,5701,0,-1,-1
52242,204,18,miss,no,182,46610,51,-1,-1
43153,168,145,miss,no,68,17553,0,-1,-1
2709,10,149,miss,no,210,53909,0,-1,-1
47963,187,91,miss,no,100,25691,-42,-1,-1
36943,144,79,miss,no,71,18255,19,-1,-1
54066,211,50,miss,no,202,51762,52,-1,-1
10054,39,70,miss,no,235,60230,9,-1,-1
43051,168,43,hit,no,68,17451,10,-1,-1
11525,45,5,miss,no,162,41477,0,-1,-1
17684,69,20,miss,no,38,9748,0,-1,-1
41681,162,209,miss,no,163,41937,0,-1,-1
27883,108,235,miss,no,172,44267,58,-1,-1
56909,222,77,miss,no,146,37453,0,-1,-1
45772,178,204,miss,no,30,7884,0,-1,-1
27496,107,104,miss,no,61,15720,0,-1,-1
46842,182,250,miss,no,216,55546,45,-1,-1
38734,151,78,miss,no,183,46926,37,-1,-1
28972,113,44,miss,no,64,16428,0,-1,-1
59684,233,36,miss,no,185,47396,0,-1,-1
11384,44,120,miss,no,212,54392,0,-1,-1
21018,82,26,miss,no,147,37658,20,-1,-1
2192,8,144,miss,no,137,35216,0,-1,-1
18384,71,208,miss,no,9,2512,0,-1,-1
13464,52,152,miss,no,141,36248,0,-1,-1
31018,121,42,miss,yes,242,61994,30,-1,-1
62958,245,238,miss,no,111,28654,61,-1,-1
30611,119,147,miss,no,63,16275,-28,-1,-1
1913,7,121,miss,no,129,33145,0,-1,-1
18904,73,216,miss,no,241,61912,0,-1,-1
26773,104,149,miss,no,166,42645,0,-1,-1
55491,216,195,miss,no,227,58307,48,-1,-1
21899,85,139,miss,no,94,24203,98,-1,-1
64413,251,157,miss,no,19,5021,0,-1,-1
47134,184,30,miss,no,116,29726,46,-1,-1
23172,90,132,miss,no,140,35972,0,-1,-1
7262,28,94,miss,no,168,43102,7,-1,-1
12705,49,161,miss,no,121,31137,0,-1,-1
7522,29,98,miss,no,24,6242,7,-1,-1
58815,229,191,miss,no,215,55231,111,-1,-1
34916,136,100,miss,no,104,26724,0,-1,-1
3802,14,218,miss,no,39,10202,3,-1,-1
58008,226,152,miss,no,12,3224,0,-1,-1
1239,4,215,miss,no,159,40919,53,-1,-1
63947,249,203,miss,no,85,21963,114,-1,-1
381,1,125,miss,no,223,57213,0,-1,-1
60734,237,62,miss,no,92,23614,59,-1,-1
48769,190,129,miss,no,128,32897,0,-1,-1
41938,163,210,miss,no,151,38866,40,-1,-1
38025,148,137,miss,no,145,37257,0,-1,-1
55099,215,59,miss,no,20,5179,-50,-1,-1
56691,221,115,miss,no,52,13427,92,-1,-1
39530,154,106,miss,no,169,43370,38,-1,-1
59003,230,123,miss,no,58,14971,-98,-1,-1
6029,23,141,miss,no,36,9357,0,-1,-1
20920,81,184,miss,no,152,39096,0,-1,-1
8077,31,141,miss,no,132,33933,0,-1,-1
42633,166,137,miss,no,81,20873,0,-1,-1
17443,68,35,miss,no,160,40995,8,-1,-1
53570,209,66,miss,no,3,834,52,-1,-1
22833,89,49,miss,no,206,52785,0,-1,-1
3782,14,198,miss,no,39,10182,3,-1,-1
47758,186,142,miss,no,220,56462,46,-1,-1
22136,86,120,miss,no,221,56696,0,-1,-1
22427,87,155,miss,no,44,11419,-26,-1,-1
23867,93,59,miss,no,154,39483,78,-1,-1
59968,234,64,miss,no,41,10560,0,-1,-1
62166,242,214,miss,yes,243,62422,60,-1,-1
6972,27,60,miss,no,103,26428,0,-1,-1
63684,248,196,miss,no,110,28356,0,-1,-1
46388,181,52,miss,no,196,50228,0,-1,-1
41942,163,214,miss,no,151,38870,40,-1,-1
36524,142,172,miss,no,56,14508,0,-1,-1
9323,36,107,miss,no,89,22891,26,-1,-1
31114,121,138,miss,no,242,62090,30,-1,-1
22345,87,73,hit,no,44,11337,0,-1,-1
46463,181,127,hit,no,196,50303,95,-1,-1
54671,213,143,miss,no,190,48783,99,-1,-1
9214,35,254,miss,no,188,48382,8,-1,-1
7257,28,89,miss,no,168,43097,0,-1,-1
33150,129,126,miss,no,209,53630,32,-1,-1
41565,162,93,miss,no,163,41821,0,-1,-1
26214,102,102,miss,no,192,49254,25,-1,-1
3595,14,11,miss,no,39,9995,-126,-1,-1
17932,70,12,miss,no,73,18700,0,-1,-1
34660,135,100,miss,no,70,18020,0,-1,-1
51961,202,249,miss,no,106,27385,0,-1,-1
58634,229,10,miss,no,215,55050,57,-1,-1
57990,226,134,miss,no,12,3206,56,-1,-1
28848,112,176,miss,no,5,1456,0,-1,-1
49920,195,0,miss,no,231,59136,0,-1,-1
18351,71,175,miss,no,9,2479,-21,-1,-1
53669,209,165,miss,no,3,933,0,-1,-1
33996,132,204,miss,no,164,42188,0,-1,-1
6741,26,85,miss,no,26,6741,0,-1,-1
64098,250,98,miss,no,17,4450,62,-1,-1
606,2,94,miss,no,67,17246,0,-1,-1
27383,106,247,miss,no,112,28919,-67,-1,-1
63140,246,164,miss,no,86,22180,0,-1,-1
32228,125,228,miss,no,194,49892,0,-1,-1
63437,247,205,miss,no,66,17101,0,-1,-1
29085,113,157,miss,no,64,16541,0,-1,-1
65080,254,56,miss,no,189,48440,0,-1,-1
38753,151,97,miss,no,183,46945,0,-1,-1
16041,62,169,miss,no,82,21161,0,-1,-1
9041,35,81,miss,no,188,48209,0,-1,-1
42090,164,106,miss,no,180,46186,41,-1,-1
46388,181,52,miss,no,196,50228,0,-1,-1
63650,248,162,miss,no,110,28322,62,-1,-1
36636,143,28,miss,no,139,35612,0,-1,-1
21947,85,187,miss,no,94,24251,110,-1,-1
19833,77,121,miss,no,142,36473,0,-1,-1
36464,142,112,miss,no,56,14448,0,-1,-1
8541,33,93,miss,no,78,20061,0,-1,-1
12712,49,168,miss,no,121,31144,0,-1,-1
48955,191,59,miss,no,197,50491,-50,-1,-1
39206,153,38,miss,no,217,55590,38,-1,-1
15578,60,218,miss,no,124,31962,15,-1,-1
49205,192,53,miss,no,33,8501,0,-1,-1
7731,30,51,miss,no,226,57907,-116,-1,-1
43046,168,38,miss,no,68,17446,42,-1,-1
60498,236,82,miss,no,28,7250,59,-1,-1
9237,36,21,miss,no,89,22805,0,-1,-1
47706,186,90,miss,no,220,56410,46,-1,-1
43973,171,197,miss,no,224,57541,0,-1,-1
42008,164,24,miss,no,180,46104,0,-1,-1
27460,107,68,miss,no,61,15684,0,-1,-1
24999,97,167,miss,no,205,52647,105,-1,-1
51933,202,221,miss,no,106,27357,0,-1,-1
34070,133,22,miss,no,238,60950,33,-1,-1
65155,254,131,miss,no,189,48515,-96,-1,-1
59955,234,51,miss,no,41,10547,-116,-1,-1
9277,36,61,hit,no,89,22845,0,-1,-1
20420,79,196,miss,no,65,16836,0,-1,-1
44860,175,60,miss,no,51,13116,0,-1,-1
50992,199,48,miss,no,167,42800,0,-1,-1
10583,41,87,miss,no,107,27479,85,-1,-1
57751,225,151,miss,no,239,61335,101,-1,-1
23195,90,155,miss,no,140,35995,-90,-1,-1
27227,106,91,miss,no,112,28763,-106,-1,-1
42816,167,64,miss,no,76,19520,0,-1,-1
58219,227,107,miss,no,133,34155,-38,-1,-1
37606,146,230,miss,no,83,21478,36,-1,-1
18426,71,250,miss,no,9,2554,17,-1,-1
21238,82,246,miss,no,147,37878,20,-1,-1
11983,46,207,miss,no,233,59855,-77,-1,-1
48394,189,10,miss,no,7,1802,47,-1,-1
11036,43,28,miss,no,156,39964,0,-1,-1
30557,119,93,miss,no,63,16221,0,-1,-1
23453,91,157,miss,no,80,20637,0,-1,-1
49847,194,183,miss,no,123,31671,-83,-1,-1
30032,117,80,miss,no,2,592,0,-1,-1
48065,187,193,miss,no,100,25793,0,-1,-1
6957,27,45,miss,no,103,26413,0,-1,-1
2301,8,253,miss,no,137,35325,0,-1,-1
7736,30,56,miss,no,226,57912,0,-1,-1
31260,122,28,miss,no,91,23324,0,-1,-1
17071,66,175,miss,no,0,175,-85,-1,-1
8940,34,236,miss,no,181,46572,0,-1,-1
9929,38,201,miss,no,174,44745,0,-1,-1
45563,177,251,miss,no,179,46075,126,-1,-1
12107,47,75,miss,no,10,2635,-46,-1,-1
